<?xml version="1.0" encoding="UTF-8" standalone="yes"?>
<addon id="repository.FixSWTGDX" name="Fix-SWTGDX Repository" version="1.0.1" provider-name="FixSWTGDX">

<extension point="xbmc.addon.repository" name="Fix-SWTGDX Repository">
<dir>
<info compressed="false">http://weblink.cu.cc/repo/addons.xml</info>
<checksum>http://weblink.cu.cc/repo/addons.md5</checksum>
<datadir zip="true">http://weblink.cu.cc/repo/zips</datadir>
</dir>
<info compressed="false">https://raw.githubusercontent.com/gdx2015/SwtgdxFix/master/addons.xml</info>
<checksum>https://raw.githubusercontent.com/gdx2015/SwtgdxFix/master/addons.md5</checksum>
<datadir zip="true">https://github.com/gdx2015/SwtgdxFix/raw/master/zips</datadir>
</extension>
<extension point="xbmc.addon.metadata">
<summary>Install Fix-SWTGDX addons</summary>
<description>Download and install fix-addons</description>
<platform>all</platform>
</extension>
</addon>
